{
  "AWSEBDockerrunVersion": 3,
  "containerDefinitions": [
    {
      "name": "nginx",
      "image": "shan1500/multi-nginx:latest",
      "essential": true,
      "portMappings": [
        {
          "hostPort": 80,
          "containerPort": 80
        }
      ]
    },
    {
      "name": "server",
      "image": "shan1500/multi-server:latest",
      "essential": true
    },
    {
      "name": "worker",
      "image": "shan1500/multi-worker:latest",
      "essential": true
    },
    {
      "name": "redis",
      "image": "redis:latest",
      "essential": true
    }
  ]
}